Rk,Team,Conf,W-L,AdjEM,AdjO,,AdjD,,AdjT,,Luck,,AdjEM,,OppO,,OppD,,AdjEM,
1,Houston 1,Amer,31-3,28.82,118.4,11,89.6,4,63.3,343,0.025,122,4.21,92,107.3,101,103.1,86,0.63,152
2,UCLA 2,P12,29-5,27.63,114.9,25,87.2,1,66.3,230,-0.001,196,9,33,109.7,32,100.7,44,0.72,149
3,Alabama 1,SEC,29-5,27.54,116.1,19,88.6,3,72.7,4,0.074,37,11.66,9,110.9,7,99.2,12,10.56,5
4,Connecticut 4,BE,25-8,25.37,119.4,6,94.1,18,66.7,210,-0.061,312,8.51,44,109.1,50,100.6,38,-1.39,207
5,Tennessee 4,SEC,23-10,24.71,112.7,49,88,2,65.5,278,-0.071,324,8.77,37,109.5,39,100.7,43,3.16,86
6,Texas 2,B12,26-8,24.57,116.6,18,92,11,69.1,91,0.02,131,12.11,8,111,5,98.9,6,-0.66,185
7,Purdue 1,B10,29-5,24.55,119.4,7,94.8,26,64.4,322,0.032,97,9.84,21,110.4,16,100.6,37,0.95,140
8,Gonzaga 3,WCC,28-5,24.31,124,1,99.7,76,70.1,44,0.047,71,7.49,60,110.2,21,102.7,77,8.31,11
9,Kansas 1,B12,27-7,23.14,114.6,29,91.5,7,69.3,79,0.106,10,14.26,1,111.7,3,97.5,2,6.82,22
10,Arizona 2,P12,28-6,22.86,120,4,97.1,41,72.3,9,0.041,85,8.83,36,107.9,87,99.1,9,3.47,79
11,Saint Mary's 5,WCC,26-7,21.9,113.5,40,91.6,9,61.7,359,0.004,184,6.38,73,110.2,20,103.8,104,4.61,52
12,Marquette 2,BE,28-6,21.83,119.3,8,97.5,47,68.4,135,0.014,150,8.67,39,109.5,35,100.9,51,-1.14,196
13,Creighton 6,BE,21-12,20.65,114.6,28,94,15,68,149,-0.074,329,10.34,16,110.9,8,100.5,36,6.44,27
14,San Diego St. 5,MWC,27-6,20.25,111.9,64,91.7,10,66,252,0.047,73,8.96,34,110.4,15,101.4,58,7.47,16
15,Baylor 3,B12,22-10,19.98,121.9,2,101.9,104,66.6,217,0.032,96,12.93,3,110.8,9,97.9,3,1.92,110
16,Xavier 3,BE,25-9,19.69,119.3,9,99.6,70,70.4,39,-0.004,208,9.78,23,110.3,19,100.5,35,3.89,70
17,West Virginia 9,B12,19-14,19.14,117.1,15,98,52,68.9,104,-0.054,299,12.74,5,111,6,98.2,4,2.26,97
18,Utah St. 10,MWC,26-8,18.88,117.8,13,98.9,64,68.8,108,0.008,166,7.68,56,108.8,57,101.1,55,3.52,78
19,Memphis 8,Amer,26-8,18.69,114.7,26,96,35,71.8,17,-0.037,271,7.22,63,108.5,68,101.3,57,6.59,24
20,Arkansas 8,SEC,20-13,18.63,112.6,51,94,16,69.7,54,-0.072,327,9.9,19,109.9,26,100,24,3.73,75
21,Duke 5,ACC,26-8,18.49,113.2,42,94.8,24,65.3,288,0.059,52,6.78,68,109.8,30,103,83,2.07,102
22,Maryland 8,B10,21-12,18.37,114.1,35,95.8,33,64.6,312,-0.039,278,8.01,50,109.3,47,101.3,56,-3.92,285
23,Iowa St. 6,B12,19-13,18.33,109.9,96,91.6,8,64.3,326,-0.034,264,12.88,4,112.4,1,99.5,14,-1.29,203
24,Kansas St. 3,B12,23-9,18.31,112.5,52,94.2,19,70.2,40,0.036,90,10.4,15,109.3,44,98.9,7,-2.59,252
25,Texas A&M 7,SEC,25-9,18.28,114.5,30,96.2,37,66.2,237,0.042,82,7.83,53,108.8,58,100.9,52,-2.46,243
26,Florida Atlantic 9,CUSA,31-3,18.23,114.3,32,96,36,68.4,126,0.053,61,0.41,136,105.6,137,105.1,159,-2.52,248
27,TCU 6,B12,21-12,18.06,112.4,53,94.3,20,69.8,49,-0.034,267,10.7,11,109.8,29,99.1,10,-7.05,336
28,Kentucky 6,SEC,21-11,17.8,117.4,14,99.6,71,66,251,-0.014,232,8.65,40,109.4,43,100.7,46,0.8,145
29,Auburn 9,SEC,20-12,17.45,112.7,48,95.2,29,67.6,165,-0.029,257,9.73,24,109.5,40,99.7,17,3.89,69
30,Indiana 4,B10,22-11,17.36,114.7,27,97.3,43,68.1,142,0.022,129,10.59,13,110.7,11,100.1,27,-3.4,271
31,Boise St. 10,MWC,24-9,17.13,111,78,93.8,14,66.5,219,0.013,153,7.6,57,109.5,38,101.9,68,1.37,126
32,Michigan St. 7,B10,19-12,16.71,113.4,41,96.7,40,64.9,304,0.015,147,12.27,7,112.3,2,100,23,5.71,37
33,Illinois 9,B10,20-12,16.48,112.2,58,95.7,32,69.4,71,-0.045,287,8.48,45,109.1,48,100.6,42,-6.02,323
34,Virginia 4,ACC,25-7,16.41,111.2,74,94.8,25,61.6,360,0.045,78,5.59,78,108.5,69,102.9,81,1.84,111
35,Rutgers,B10,19-14,15.77,105.8,159,90.1,5,65.9,261,-0.092,349,7.95,51,109.9,27,101.9,70,-7.79,342
36,USC 10,P12,22-10,15.63,113.1,43,97.5,48,68.1,140,0.018,140,7.84,52,107.4,99,99.5,15,1.63,121
37,Iowa 8,B10,19-13,15.6,120.5,3,104.9,167,69.5,66,-0.042,281,9.61,27,108.9,55,99.3,13,-2.09,234
38,Oklahoma St.,B12,18-15,15.21,107.8,126,92.6,12,67.6,166,-0.026,251,12.33,6,110.8,10,98.5,5,0.74,147
39,Penn St. 10,B10,22-13,15.04,116.8,17,101.8,101,64.6,313,0.009,163,9.72,25,109.6,33,99.9,19,-4.72,303
40,Miami FL 5,ACC,25-7,14.91,118.2,12,103.3,132,68.9,105,0.017,141,4.75,85,108,86,103.2,91,-2.77,258
,,,,,,,,,,,,,Strength of Schedule,,,,,,NCSOS,
Rk,Team,Conf,W-L,AdjEM,AdjO,,AdjD,,AdjT,,Luck,,AdjEM,,OppO,,OppD,,AdjEM,
41,Oregon,P12,19-14,14.84,114.5,31,99.6,74,66.3,231,-0.015,234,10.06,18,109,51,99,8,6.14,29
42,Northwestern 7,B10,21-11,14.83,108.5,109,93.7,13,64.9,305,0.033,94,8.6,41,109.5,41,100.8,50,-4.22,291
43,Nevada 11,MWC,22-10,14.79,112,61,97.2,42,66.1,245,0.013,152,7.7,55,109.4,42,101.7,65,3.81,73
44,Providence 11,BE,21-11,14.73,116.8,16,102.1,108,66.9,195,-0.01,218,6.55,72,108.3,75,101.7,63,-8.98,354
45,North Texas,CUSA,26-7,14.68,110.2,90,95.5,31,58.8,363,0.059,54,1.85,118,106,126,104.2,110,1.79,114
46,Michigan,B10,17-15,14.68,112.8,46,98.1,53,67.5,168,-0.072,328,9.62,26,109.5,34,99.9,22,0.13,168
47,North Carolina,ACC,20-13,14.66,112.1,59,97.5,46,69,100,-0.072,326,7.59,58,109.5,36,101.9,71,7.02,20
48,Liberty,ASun,26-8,14.51,112.7,50,98.1,54,64.5,318,-0.034,266,-2.57,223,103.7,245,106.3,206,1.74,117
49,Mississippi St. 11,SEC,21-12,14.12,105.5,164,91.3,6,63.8,334,0.008,164,7.59,59,108.6,65,101,53,-3.31,268
50,Ohio St.,B10,16-19,13.98,115.9,21,101.9,105,66,248,-0.12,361,11.32,10,110.5,13,99.2,11,-2.47,244
51,Missouri 7,SEC,24-9,13.92,119.3,10,105.4,178,69.1,92,0.11,9,7.73,54,108.1,80,100.4,33,-4.68,302
52,New Mexico,MWC,22-11,13.84,116.1,20,102.2,111,71.6,19,-0.03,258,5.71,77,108.2,77,102.5,75,-0.44,179
53,Oklahoma,B12,15-17,13.7,111.1,76,97.4,45,65.3,286,-0.044,286,13.32,2,110.4,17,97.1,1,4.11,63
54,Cincinnati,Amer,21-12,13.35,112.3,55,99,66,68.5,120,-0.032,263,3.98,96,107.5,98,103.5,95,-2.64,254
55,N.C. State 11,ACC,23-10,13.31,113.9,37,100.6,85,69.1,89,0.03,102,4.81,84,108.6,67,103.8,102,-4.91,307
56,Oral Roberts 12,Sum,30-4,13.25,115.3,23,102,107,70.5,38,0.103,11,-3.96,260,104.2,210,108.1,302,8.1,13
57,Washington St.,P12,17-16,13.22,112,63,98.8,62,64.3,327,-0.071,325,9.16,32,109.3,46,100.1,29,5.12,46
58,VCU 12,A10,27-7,13.15,107.2,140,94,17,68,147,0.017,142,0.47,135,105.1,157,104.7,136,-1.78,226
59,Colorado,P12,17-16,13.05,107.7,130,94.7,23,69,98,-0.078,337,8.56,43,108.5,71,99.9,21,3.78,74
60,Villanova,BE,17-16,12.98,113.8,38,100.8,90,63.7,336,-0.067,322,9.4,31,110.1,23,100.7,45,4.05,65
61,Texas Tech,B12,16-16,12.95,111.8,65,98.9,65,67.2,183,-0.08,339,9.81,22,110.1,22,100.3,32,-7.03,334
62,UAB,CUSA,25-9,12.86,112.7,47,99.9,78,70.6,33,-0.027,253,0.49,134,105.3,152,104.8,143,-4.44,297
63,Florida,SEC,16-16,12.82,108.2,112,95.4,30,69.4,70,-0.077,334,9.46,29,110.1,24,100.6,41,5.25,44
64,Clemson,ACC,23-10,12.67,111.1,75,98.4,58,68.2,139,0.016,146,2.7,109,107.7,90,105,151,-5.56,315
65,UCF,Amer,18-14,12.59,110.2,89,97.6,49,64.5,319,-0.113,360,4.02,94,107.4,100,103.4,92,-0.29,178
66,Drake 12,MVC,27-7,12.51,109.8,98,97.3,44,66.4,222,0.026,117,-1.65,194,104,225,105.7,180,-1.72,222
67,Yale,Ivy,21-8,12.39,110.8,81,98.4,56,66.1,242,-0.044,285,-0.71,162,104.5,197,105.2,161,0.36,158
68,Arizona St. 11,P12,22-12,12.38,107.6,133,95.2,28,68.4,131,0.069,43,8.69,38,108.9,54,100.3,31,1.31,128
69,Sam Houston St.,WAC,25-7,12.28,106.6,148,94.3,21,64.4,320,0.052,65,2.17,115,105.9,127,103.7,101,7.27,18
70,Seton Hall,BE,17-15,12.23,106.7,145,94.5,22,66.5,220,-0.042,280,9.46,30,110,25,100.6,40,2.72,90
71,Kent St. 13,MAC,28-6,11.9,108.3,110,96.4,38,68.1,144,0.019,139,-1.42,189,106.3,114,107.7,288,3.47,80
72,Utah,P12,17-15,11.85,107.7,131,95.8,34,66.2,235,-0.077,333,6.83,66,107.6,93,100.8,47,-3.66,279
73,Charleston 12,CAA,31-3,11.76,111.4,70,99.6,75,71,29,0.052,64,-5.71,305,102.3,293,108,298,-1.96,232
74,Iona 13,MAAC,27-7,11.71,110.9,79,99.1,67,68.9,102,-0.006,210,-3.8,254,102.6,287,106.4,209,4.29,59
75,BYU,WCC,19-15,11.59,109.2,101,97.6,50,69.6,62,-0.103,354,5.31,81,108.5,70,103.2,90,1.28,129
76,Wisconsin,B10,17-14,11.54,106.4,151,94.9,27,63.1,348,0.004,185,10.63,12,111.2,4,100.6,39,1.06,137
77,Pittsburgh 11,ACC,22-11,11.27,115.1,24,103.8,142,67.3,174,0.03,101,3.67,99,108.1,82,104.4,122,-2.92,260
78,Dayton,A10,22-12,11.2,110,94,98.8,63,62.4,354,-0.056,304,0.18,141,104.7,183,104.5,126,-1.73,223
79,Utah Valley,WAC,25-8,10.87,107.3,138,96.5,39,70,47,0.046,75,2.03,116,106.2,122,104.1,109,5.09,47
80,Vanderbilt,SEC,20-14,10.82,115.7,22,104.9,166,66.7,209,0.078,34,9.46,28,109.3,45,99.8,18,2.3,96
,,,,,,,,,,,,,Strength of Schedule,,,,,,NCSOS,
Rk,Team,Conf,W-L,AdjEM,AdjO,,AdjD,,AdjT,,Luck,,AdjEM,,OppO,,OppD,,AdjEM,
81,Virginia Tech,ACC,19-14,10.21,113.9,36,103.7,139,66.6,214,-0.06,311,4.55,86,108,84,103.4,94,-3.92,286
82,Santa Clara,WCC,23-9,10.13,111.3,72,101.2,93,70.1,43,0.09,23,4.3,91,108.7,63,104.4,120,1.05,138
83,Stanford,P12,14-19,9.76,114.1,34,104.4,154,65.8,269,-0.125,362,8.15,47,107.7,89,99.6,16,-0.1,174
84,Marshall,SB,24-8,9.74,111.3,73,101.5,96,72.1,13,-0.063,317,-2.7,228,103.9,232,106.6,219,-3.49,273
85,St. John's,BE,18-15,9.46,107.9,119,98.5,60,73.5,1,-0.013,230,6.76,69,108.3,76,101.5,59,-7.72,340
86,Bradley,MVC,25-9,9.24,107.1,142,97.9,51,65.2,289,0.063,50,-1.1,177,103.9,229,105,154,0.3,160
87,Toledo,MAC,27-7,9.12,119.6,5,110.5,287,69.6,63,0.042,81,-3.25,239,104.1,213,107.4,268,-1.18,199
88,Wake Forest,ACC,19-14,8.57,112.1,60,103.5,136,69.6,61,-0.012,227,4.94,83,108,85,103.1,85,-2.2,237
89,Furman 13,SC,27-7,8.43,114.2,33,105.8,183,68.5,124,0,195,-4.4,271,104,228,108.4,315,-2.07,233
90,Hofstra,CAA,24-9,8.4,110.3,87,101.9,103,67.2,179,0.032,95,-3.37,243,102.9,276,106.3,205,6.89,21
91,UNLV,MWC,19-13,8.22,107.8,125,99.6,72,69.5,68,0.014,149,5.59,79,107.8,88,102.2,73,-2.56,250
92,Louisiana 13,SB,26-7,8.2,112.2,57,104,146,68.4,130,0.077,35,-0.27,152,104.2,208,104.5,125,0.26,162
93,San Jose St.,MWC,20-13,7.91,110.7,82,102.8,120,62.7,351,0.086,25,6.87,65,108.5,72,101.6,61,-1.09,194
94,South Alabama,SB,19-16,7.74,108.2,113,100.4,82,65.8,270,-0.111,359,0.91,129,104.9,171,103.9,106,3.82,71
95,Nebraska,B10,16-16,7.47,106.7,147,99.2,68,67.1,185,0.053,60,10.41,14,110.5,14,100.1,26,2.09,101
96,Saint Louis,A10,21-12,7.45,111.7,66,104.2,150,69.3,76,0.027,112,2.49,110,105.3,150,102.8,79,4.31,58
97,Indiana St.,MVC,22-12,7.39,110.6,84,103.2,128,70.6,34,-0.104,355,-4.5,274,102.1,304,106.6,222,-6.55,329
98,Southern Miss,SB,25-7,7.31,108,117,100.7,88,68.5,119,0.094,17,-0.79,168,104.7,180,105.5,176,-3.32,269
99,UC Irvine,BW,23-11,7.29,107.7,129,100.5,83,69.6,64,-0.045,288,-0.78,166,103.4,252,104.2,114,3.39,82
100,San Francisco,WCC,20-14,6.95,110.1,92,103.2,129,68.6,113,0.019,137,4.05,93,108.2,78,104.1,107,-2.51,247
101,James Madison,SB,22-11,6.74,106.7,146,100,79,70.5,35,-0.053,298,-1.42,188,103.7,244,105.1,157,-4.25,293
102,UC Santa Barbara 14,BW,27-7,6.64,111.3,71,104.7,163,65,302,0.057,55,-2.38,217,102.8,280,105.2,160,-2.69,256
103,Wichita St.,Amer,17-15,6.51,106.8,143,100.3,80,66.3,229,-0.049,295,2.79,107,106.3,115,103.5,96,-1.8,228
104,Akron,MAC,22-11,6.47,110,95,103.5,135,65.3,283,0.002,190,-1.76,198,105.2,156,106.9,238,-0.52,181
105,Colorado St.,MWC,15-18,6.41,112.3,56,105.9,187,66.1,238,-0.055,300,7.41,61,108.4,74,101,54,2.19,99
106,Washington,P12,16-16,6.38,105.8,160,99.4,69,69.2,82,0.037,88,8.08,48,108.1,79,100.1,25,-0.11,175
107,Loyola Marymount,WCC,19-12,6.32,110,93,103.7,140,67.1,187,0.079,33,4.35,90,109,53,104.6,130,0.43,156
108,Tulane,Amer,20-11,6.3,110.2,88,103.9,145,73.1,2,0.076,36,1.87,117,105.5,141,103.7,98,-7.94,345
109,Grand Canyon 14,WAC,24-11,5.99,112.3,54,106.3,198,65.2,293,0.042,84,0.99,126,104.7,182,103.7,100,0.09,171
110,Montana St. 14,BSky,25-9,5.75,105.4,170,99.6,73,66.5,221,0.082,31,-1.09,176,106.3,118,107.4,266,4.47,55
111,Southern Utah,WAC,22-12,5.64,110.2,91,104.5,156,71.9,16,0.045,77,3.39,102,106.3,112,102.9,82,5.27,43
112,Princeton 15,Ivy,21-8,5.57,109.1,103,103.5,137,67.5,171,0.024,123,-2.55,222,103.4,254,105.9,192,-4.83,306
113,Vermont 15,AE,23-10,5.42,109.8,99,104.4,153,64.6,314,0.051,66,-3.68,251,103.4,256,107,252,5.86,33
114,Colgate 15,Pat,26-8,5.29,113,44,107.7,231,67.9,156,0.004,180,-7.69,335,100.7,336,108.4,316,-1.17,198
115,Mississippi,SEC,12-21,5.03,106.8,144,101.7,99,66.1,241,-0.078,336,8.03,49,108.9,56,100.8,49,1.46,123
116,UNC Greensboro,SC,20-12,4.93,103.5,209,98.6,61,66,257,-0.044,284,-2.35,216,105.5,144,107.8,289,2.9,88
117,Charlotte,CUSA,18-14,4.6,108,118,103.4,133,60.5,362,-0.038,273,-0.75,164,104.5,192,105.3,163,-7.03,335
118,Temple,Amer,16-16,4.57,107.3,139,102.7,119,66,247,0.021,130,5.04,82,106.9,103,101.8,67,1.38,125
119,Cal St. Fullerton,BW,20-13,4.55,105,177,100.4,81,64.8,307,0.011,161,0.99,127,104.8,175,103.8,103,3.82,72
120,Syracuse,ACC,17-15,4.46,110.4,85,105.9,190,67.5,169,0.002,188,2.88,105,107.5,96,104.6,134,-5.81,321
,,,,,,,,,,,,,Strength of Schedule,,,,,,NCSOS,
Rk,Team,Conf,W-L,AdjEM,AdjO,,AdjD,,AdjT,,Luck,,AdjEM,,OppO,,OppD,,AdjEM,
121,Middle Tennessee,CUSA,19-14,4.14,106.5,150,102.4,113,66.9,193,0.027,114,2.72,108,106.9,105,104.1,108,1.77,115
122,Eastern Washington,BSky,22-10,4.08,111.5,69,107.5,226,68.5,123,0.064,48,-1.62,193,104.7,177,106.4,211,1.97,105
123,Belmont,MVC,21-11,4.08,111.5,68,107.5,227,68.4,132,0.025,120,-1.47,190,103.9,233,105.3,166,0.85,143
124,Butler,BE,14-18,3.99,102.5,235,98.5,59,65.5,277,-0.001,201,9.88,20,110.7,12,100.8,48,1.27,130
125,Duquesne,A10,20-12,3.98,108.6,107,104.6,160,68.2,138,0.012,155,-1.72,196,104.7,176,106.5,216,-3.95,287
126,Hawaii,BW,22-11,3.86,102.1,246,98.2,55,64.8,309,-0.014,233,-3.09,234,102.9,272,106,194,-5.67,317
127,Kennesaw St. 14,ASun,26-8,3.64,106.3,153,102.7,116,68.5,118,0.147,2,-1.52,191,105.1,158,106.7,228,5.05,48
128,Troy,SB,20-13,3.56,104.8,179,101.3,95,67.9,154,-0.02,241,-0.11,148,104.6,186,104.7,138,0.11,169
129,Youngstown St.,Horz,24-9,3.56,112.9,45,109.4,266,68,148,-0.01,220,-6.63,320,102.3,295,108.9,332,-5.37,314
130,Towson,CAA,21-12,3.5,108.2,115,104.7,161,64.9,303,-0.048,293,-4.66,281,102.3,296,106.9,241,-3.51,274
131,Ohio,MAC,19-14,3.41,110.9,80,107.4,224,68.4,127,-0.038,272,-2.1,207,105.8,129,107.9,290,0.15,166
132,Stephen F. Austin,WAC,19-13,3.2,105.5,163,102.3,112,69.3,78,-0.004,207,0.08,143,105.1,162,105,150,-1.7,220
133,Penn,Ivy,17-13,3.14,110.3,86,107.2,220,67,192,-0.003,205,-0.47,155,104.9,168,105.4,167,-0.56,182
134,Fresno St.,MWC,11-20,2.97,103.5,208,100.6,84,64.3,328,-0.083,343,6.79,67,109.5,37,102.7,76,1.15,134
135,Samford,SC,21-11,2.94,109.3,100,106.3,199,68.4,134,0.002,187,-3.85,257,104.1,212,108,296,-1.55,215
136,Southern Illinois,MVC,23-10,2.9,101.3,256,98.4,57,63.9,333,0.087,24,-2,205,103.8,235,105.8,189,-3.2,264
137,UC Riverside,BW,22-12,2.69,107.9,124,105.2,176,66.9,198,0.097,13,0.4,138,104.6,188,104.2,111,4.45,57
138,UMass Lowell,AE,26-8,2.64,107.8,128,105.1,175,68.9,103,0.011,160,-10.23,355,98.8,357,109,334,-12.66,362
139,Fordham,A10,25-8,2.51,103.2,221,100.7,87,69.7,52,0.121,8,-4.55,276,101.9,307,106.5,215,-13.52,363
140,Davidson,A10,16-16,2.48,107.4,136,104.9,169,65.1,295,-0.034,265,1.2,122,105.1,159,103.9,105,-1.4,208
141,Seattle,WAC,20-12,2.35,102.1,243,99.8,77,69.2,87,0.092,19,1.57,119,106.3,113,104.7,139,1.08,136
142,DePaul,BE,10-23,2.27,107.9,123,105.6,180,68.8,107,-0.012,228,10.15,17,110.3,18,100.1,30,2.31,95
143,Air Force,MWC,14-18,1.96,106.3,152,104.4,155,63.2,347,-0.057,306,2.39,113,107,102,104.6,133,-10.24,359
144,Cornell,Ivy,17-11,1.76,112,62,110.3,282,71.3,24,-0.005,209,-1.89,203,103.7,243,105.6,179,-4.59,301
145,LSU,SEC,14-19,1.62,106.6,149,105,172,65.9,264,0.027,111,6.68,70,108.6,66,101.9,69,-6.2,325
146,UNC Asheville 15,BSth,27-7,1.51,104.1,195,102.6,115,68.5,121,0.152,1,-5.3,294,102.8,281,108.1,300,-0.57,183
147,George Mason,A10,20-13,1.47,102.7,231,101.2,94,66.4,224,0.061,51,-0.87,170,104.8,174,105.7,182,-1.79,227
148,Utah Tech,WAC,14-19,1.46,107.9,122,106.4,201,68.6,114,-0.1,351,2.79,106,106.2,119,103.4,93,4.09,64
149,Georgia,SEC,16-16,1.39,104.4,187,103,124,67.7,161,0.069,42,4.36,89,107.5,97,103.1,88,-7.05,337
150,South Florida,Amer,14-18,1.32,105.9,157,104.6,159,68.4,136,-0.067,321,0.7,132,105.3,151,104.6,128,-7.03,333
151,Missouri St.,MVC,17-15,1.31,104.6,183,103.3,131,62.2,355,-0.021,243,-0.81,169,103.9,234,104.7,135,1.65,119
152,Portland,WCC,14-19,1.26,111,77,109.7,269,69.1,93,-0.056,302,4.44,87,108.7,64,104.2,113,0.64,151
153,Wyoming,MWC,9-22,1.24,107.9,121,106.6,207,65.7,271,-0.099,350,7.32,62,109.1,49,101.7,64,-0.15,176
154,UC Davis,BW,18-14,1.16,104.8,180,103.7,138,70.5,36,-0.028,255,-1.77,200,103.3,258,105.1,155,-0.8,189
155,Richmond,A10,15-18,1.09,103.7,206,102.6,114,65.4,282,-0.075,331,-0.51,157,105,166,105.5,172,-2.61,253
156,Cal Baptist,WAC,17-16,1.04,103.7,201,102.7,118,64.1,332,-0.047,292,-0.74,163,104,224,104.8,141,-6.62,330
157,Lipscomb,ASun,20-13,1.02,104.9,178,103.8,143,69.4,69,-0.001,197,-2.61,225,105.6,138,108.2,305,-2.4,241
158,UNC Wilmington,CAA,24-10,0.86,102.4,236,101.6,97,65.4,280,0.133,5,-3.38,244,103.2,265,106.6,218,3.9,68
159,Montana,BSky,17-14,0.64,108.9,104,108.3,245,63.7,338,0.017,144,-0.79,167,105.6,136,106.4,210,3.6,77
160,Tarleton St.,WAC,17-16,0.53,103.5,210,103,122,66.6,213,0.027,113,3.57,100,106.7,107,103.1,89,7.3,17
,,,,,,,,,,,,,Strength of Schedule,,,,,,NCSOS,
Rk,Team,Conf,W-L,AdjEM,AdjO,,AdjD,,AdjT,,Luck,,AdjEM,,OppO,,OppD,,AdjEM,
161,Northern Kentucky 16,Horz,22-12,0.52,103.3,217,102.8,121,62,358,0.053,62,-3.89,258,104.4,199,108.3,311,4.21,60
162,Long Beach St.,BW,17-16,0.5,105.4,165,104.9,168,72.9,3,-0.012,225,0.27,139,103.8,236,103.5,97,6.53,26
163,Harvard,Ivy,14-14,0.32,101.3,257,100.9,91,66,258,-0.081,342,-1.7,195,104,226,105.7,184,-2.85,259
164,Ball St.,MAC,20-12,0.22,108.1,116,107.9,237,67.6,167,0.019,134,-3.41,246,104.9,170,108.3,313,-3.99,288
165,Stetson,ASun,17-13,0.2,113.7,39,113.5,336,64.7,311,0.034,93,-0.63,160,105.7,132,106.3,208,6.39,28
166,South Dakota St.,Sum,19-13,0.18,105.2,173,105,171,66.6,212,0.066,46,-1.74,197,105.1,161,106.8,232,8.66,9
167,Georgia Tech,ACC,15-18,0.16,104.3,192,104.1,148,66.7,207,-0.003,204,4.41,88,108.7,60,104.3,119,-2.95,261
168,Notre Dame,ACC,11-21,0,108.8,106,108.8,258,64.9,306,-0.066,319,3.19,103,107.6,91,104.4,123,-3.77,282
169,Eastern Kentucky,ASun,20-13,-0.05,103.4,214,103.4,134,70.2,41,0.072,39,-1.14,179,105.1,160,106.2,201,2.78,89
170,Texas A&M Corpus Chris 16,Slnd,23-10,-0.23,107.4,137,107.6,229,69.3,80,0.019,136,-9.07,352,101.2,330,110.2,358,1.44,124
171,Longwood,BSth,20-12,-0.26,104.3,190,104.5,158,66,255,-0.032,262,-7.29,331,101.9,308,109.2,341,-8.01,346
172,Boston College,ACC,16-17,-0.45,102.6,232,103,125,66.6,215,0.09,21,3.85,97,108.1,81,104.2,115,-4.37,296
173,Louisiana Tech,CUSA,15-18,-0.48,105.4,169,105.9,185,66.6,216,-0.028,256,2.4,112,106.1,123,103.7,99,0.74,148
174,Old Dominion,SB,19-12,-0.61,103.2,219,103.8,141,65,301,0.099,12,-0.59,158,104.3,203,104.9,145,-1.54,214
175,Grambling St.,SWAC,24-9,-0.65,100.1,280,100.8,89,66.3,233,0.09,22,-8.77,350,98.9,355,107.7,285,4.02,66
176,East Carolina,Amer,16-17,-0.72,103.4,213,104.1,147,67.5,170,0.036,92,0.85,131,105.6,135,104.8,142,-8.54,350
177,Appalachian St.,SB,16-16,-0.73,101.4,254,102.2,110,65,299,-0.035,269,-0.65,161,104.7,178,105.4,169,-0.72,187
178,Pepperdine,WCC,9-22,-0.75,105.4,166,106.2,194,72.2,11,-0.14,363,5.44,80,109.8,31,104.3,118,3.39,83
179,Cleveland St.,Horz,21-13,-0.78,104.4,189,105.1,174,66,254,0.029,105,-4.99,291,103.3,260,108.3,310,0.37,157
180,SMU,Amer,10-22,-0.87,103.3,218,104.2,149,69.6,57,-0.048,294,6.34,74,108,83,101.7,62,4.17,61
181,Pacific,WCC,15-18,-0.88,108.3,111,109.2,264,69.6,60,0.043,79,2.18,114,107.6,94,105.4,168,-3.27,266
182,Radford,BSth,19-14,-0.93,104.4,185,105.4,179,64.6,316,-0.038,275,-4.44,272,103.6,247,108.1,299,0.92,141
183,Navy,Pat,18-13,-0.98,103.7,200,104.7,164,64.5,317,-0.038,274,-6.99,327,101.6,318,108.6,325,-1.51,212
184,Brown,Ivy,14-13,-0.98,100.8,269,101.8,100,69.3,73,0.005,171,-2.24,212,104.1,218,106.3,207,-4.34,295
185,Chattanooga,SC,18-17,-1.03,108.2,114,109.2,265,68.5,122,-0.065,318,-2.58,224,105,165,107.6,276,1.1,135
186,Western Kentucky,CUSA,17-16,-1.04,104.8,181,105.8,184,67.6,164,0.052,63,1.25,121,105.7,131,104.4,124,-3.74,281
187,New Mexico St.,WAC,9-15,-1.12,105.7,162,106.8,210,69.3,77,-0.088,347,4.01,95,106.2,120,102.2,72,4.46,56
188,Florida Gulf Coast,ASun,17-15,-1.2,105,175,106.2,195,66.3,226,0.006,170,-2.82,231,104.4,201,107.2,257,1.24,133
189,North Carolina Central,MEAC,18-12,-1.23,100.9,264,102.1,109,67.9,155,-0.058,308,-5.94,309,101.1,332,107,253,5.02,49
190,Texas St.,SB,16-19,-1.25,104.8,182,106,193,63.6,340,0.001,192,0.49,133,104.7,181,104.2,112,-0.75,188
191,Weber St.,BSky,18-15,-1.35,100.5,272,101.8,102,65.2,291,0.064,49,0.19,140,106.3,111,106.1,199,5.48,41
192,Abilene Christian,WAC,13-17,-1.43,105.9,158,107.3,222,69.2,83,-0.05,297,2.44,111,105.5,140,103.1,87,0.24,163
193,Wright St.,Horz,18-15,-1.47,104.4,186,105.9,189,71.3,23,-0.081,341,-5.75,307,103.2,266,108.9,331,-1.63,217
194,Norfolk St.,MEAC,22-11,-1.48,107.5,134,108.9,260,65.3,285,0.065,47,-7.7,336,100.3,344,108,295,-1.5,210
195,Saint Joseph's,A10,16-17,-1.51,104.4,188,105.9,188,69.3,75,-0.007,212,-1.85,202,104.4,198,106.3,204,-5.79,320
196,Quinnipiac,MAAC,20-12,-1.52,104.2,194,105.7,182,69.7,53,0.007,169,-5.6,301,101,334,106.6,223,-3.57,276
197,UTEP,CUSA,14-18,-1.54,99.1,292,100.6,86,67,189,-0.008,215,1.35,120,106,125,104.7,137,-2.13,236
198,St. Thomas,Sum,19-14,-1.8,107.8,127,109.6,267,66.1,244,-0.001,200,-4.39,270,103.3,257,107.7,286,-1.95,231
199,Detroit Mercy,Horz,14-19,-1.83,111.6,67,113.5,333,67.3,177,-0.103,352,-3.21,238,104.1,217,107.3,263,4.57,53
200,Drexel,CAA,17-15,-1.96,101.2,259,103.1,126,63.7,339,-0.074,330,-6.43,315,101.2,329,107.6,278,-1.5,209
,,,,,,,,,,,,,Strength of Schedule,,,,,,NCSOS,
Rk,Team,Conf,W-L,AdjEM,AdjO,,AdjD,,AdjT,,Luck,,AdjEM,,OppO,,OppD,,AdjEM,
201,St. Bonaventure,A10,14-18,-2.01,101.2,260,103.2,127,65.7,274,-0.032,261,-1,172,104.5,193,105.5,177,-3.59,278
202,Gardner Webb,BSth,15-16,-2.57,99,295,101.6,98,66.2,234,-0.091,348,-4.01,263,103.7,246,107.7,287,1.65,120
203,Rider,MAAC,16-14,-2.59,106.3,154,108.9,259,65.1,296,-0.039,277,-5.62,304,101.2,328,106.8,235,-2.58,251
204,Queens,ASun,18-15,-2.6,107.2,141,109.8,272,70,45,0.003,186,-2.69,227,104.3,205,107,244,-3.57,277
205,Buffalo,MAC,15-17,-2.6,104.2,193,106.8,208,72.2,12,0.004,178,1.02,125,106.9,104,105.9,190,6.01,30
206,Georgia Southern,SB,17-16,-2.61,100.4,275,103,123,66.7,205,0.005,174,-1.6,192,105,164,106.6,225,-3.83,284
207,Siena,MAAC,17-15,-2.67,102.3,239,105,170,66.9,196,-0.03,259,-5.38,297,101.5,319,106.9,237,-3.73,280
208,Florida St.,ACC,9-23,-2.83,105.2,172,108,240,68.7,112,-0.022,244,5.99,76,109,52,103,84,3.2,85
209,Bryant,AE,17-13,-2.84,105,176,107.8,236,72,14,0.004,182,-4.45,273,103.2,262,107.7,282,1.82,113
210,Oregon St.,P12,11-21,-2.89,100.3,277,103.2,130,63.7,337,0.015,148,7.21,64,107.6,92,100.4,34,-6.55,328
211,Northern Arizona,BSky,12-23,-2.94,107.9,120,110.9,294,66.9,197,-0.084,344,1.1,123,106.6,108,105.5,174,8.34,10
212,Massachusetts,A10,15-16,-3,100.9,265,103.9,144,70.6,32,0.036,89,-0.37,153,104.4,200,104.8,140,-1.15,197
213,North Dakota St.,Sum,16-17,-3.08,104.6,184,107.7,232,68.1,141,0.007,167,-1.4,187,106.3,116,107.7,284,7.22,19
214,Northwestern St.,Slnd,22-11,-3.11,106,156,109.1,263,66.7,211,0.085,26,-7.65,334,102.4,291,110,354,2.63,91
215,Howard 16,MEAC,22-12,-3.21,103.7,204,106.9,212,69,99,0.096,15,-6.11,314,101.4,323,107.5,270,0.26,161
216,Rice,CUSA,18-15,-3.23,107.5,135,110.7,291,69.9,48,0.096,14,0.86,130,105.5,143,104.6,131,-6.06,324
217,Minnesota,B10,9-22,-3.29,102.6,233,105.9,186,65.9,265,0.03,103,8.84,35,108.7,61,99.9,20,-7.47,339
218,George Washington,A10,16-16,-3.32,109.2,102,112.5,324,69.1,94,0.025,121,-1.76,199,103.3,259,105,152,-5.58,316
219,Northern Iowa,MVC,14-18,-3.41,103.2,222,106.6,204,67.8,160,-0.018,238,-1.23,180,104.2,209,105.4,170,-1.69,219
220,South Carolina,SEC,11-21,-3.42,103.7,203,107.1,217,64.3,324,0.042,80,6.63,71,108.4,73,101.8,66,-3.11,263
221,Northern Colorado,BSky,12-20,-3.53,107.7,132,111.2,302,69.6,59,-0.01,221,-0.12,150,106.1,124,106.2,200,5.82,35
222,FIU,CUSA,14-18,-3.56,102.9,228,106.5,202,70.1,42,-0.003,203,-0.03,147,105.6,134,105.7,183,-8.13,347
223,San Diego,WCC,11-20,-3.8,110.6,83,114.4,343,68.8,109,-0.03,260,2.92,104,107.5,95,104.6,132,-2.51,246
224,Georgetown,BE,7-25,-4.34,103.9,197,108.3,246,68.9,101,-0.056,303,8.28,46,109.8,28,101.6,60,-5.27,312
225,La Salle,A10,15-19,-4.35,103.4,211,107.8,235,67.8,159,0.04,86,-1.1,178,104,222,105.1,158,-2.41,242
226,Murray St.,MVC,17-15,-4.45,105.7,161,110.2,281,66.8,203,0.095,16,-0.94,171,104,223,105,149,-1.28,202
227,Sacramento St.,BSky,14-18,-4.48,103.9,199,108.4,250,62.5,353,0.012,154,-0.41,154,105.4,145,105.8,188,3.69,76
228,Milwaukee,Horz,21-11,-4.64,103.1,223,107.7,233,72,15,0.131,6,-4.86,289,103.4,255,108.2,308,0.76,146
229,Campbell,BSth,16-18,-4.77,105,174,109.8,273,64.3,325,-0.049,296,-4.65,280,102.5,289,107.2,256,-1.25,201
230,Mercer,SC,14-19,-4.88,99.7,285,104.5,157,64.6,315,-0.085,346,-3.31,242,104.6,190,107.9,291,-2.13,235
231,North Florida,ASun,14-17,-4.91,109.9,97,114.8,346,68,145,0.012,158,-1.33,182,105.7,133,107,247,5.92,32
232,Wofford,SC,17-16,-4.96,108.8,105,113.8,338,65.1,294,0.023,124,-2.79,230,104.1,214,106.9,239,-1.12,195
233,Jacksonville St.,ASun,13-18,-5.2,102.2,240,107.4,225,65.7,273,-0.044,283,-1.34,183,105.3,147,106.7,229,1.92,109
234,Western Carolina,SC,18-15,-5.38,103.1,225,108.4,251,67.4,172,0.051,67,-3.62,250,104,220,107.7,280,-3.82,283
235,Jacksonville,ASun,13-16,-5.4,100.3,278,105.7,181,61.2,361,-0.009,217,-0.5,156,106.3,110,106.8,236,6.64,23
236,Robert Morris,Horz,16-17,-5.51,99.2,290,104.7,162,66.4,225,-0.041,279,-5.61,303,102.9,273,108.5,322,-1.81,229
237,Delaware,CAA,17-16,-5.54,102.5,234,108.1,242,67.2,184,0.042,83,-3.71,252,103.5,250,107.2,259,-0.64,184
238,Portland St.,BSky,12-19,-5.58,103,227,108.6,253,72.4,8,0.008,165,0.12,142,106.2,121,106.1,196,5.51,40
239,Purdue Fort Wayne,Horz,17-15,-5.82,100.8,270,106.6,206,69.1,90,0.023,125,-4.78,287,103.7,241,108.5,319,-1.38,205
240,UT Arlington,WAC,11-21,-6.09,99.9,282,106,192,65.9,260,0.011,159,3.45,101,105.9,128,102.4,74,4.69,51
,,,,,,,,,,,,,Strength of Schedule,,,,,,NCSOS,
Rk,Team,Conf,W-L,AdjEM,AdjO,,AdjD,,AdjT,,Luck,,AdjEM,,OppO,,OppD,,AdjEM,
241,Alcorn St.,SWAC,18-13,-6.17,102.1,244,108.3,244,67.3,176,0.139,4,-5.37,296,99.6,351,105,148,8.84,8
242,SIU Edwardsville,OVC,19-14,-6.21,100.1,281,106.3,197,69.2,81,-0.012,224,-8.07,342,101.9,311,109.9,350,-0.96,192
243,Idaho St.,BSky,11-21,-6.28,102.3,238,108.6,255,65.3,287,-0.084,345,-2.1,208,105.2,154,107.3,264,-1.76,225
244,East Tennessee St.,SC,12-20,-6.29,101.2,258,107.5,228,65.8,268,-0.111,358,-4.25,269,104.1,216,108.3,314,-4.58,299
245,Northern Illinois,MAC,13-19,-6.33,100.9,266,107.2,221,69.2,84,-0.016,236,-1.8,201,105.2,155,107,250,3.1,87
246,UT Rio Grande Valley,WAC,15-17,-6.39,103.9,198,110.3,283,72.7,5,0.07,41,0.06,144,105.3,148,105.3,164,-4.78,304
247,Morehead St.,OVC,21-11,-6.59,100.4,274,107,214,63.3,344,0.143,3,-6.95,326,102.2,302,109.1,339,4.76,50
248,Winthrop,BSth,15-17,-6.6,108.6,108,115.2,347,66.9,194,0.032,99,-3.31,241,103.7,242,107,251,2.52,92
249,Canisius,MAAC,10-20,-6.68,101.8,250,108.5,252,67.7,162,-0.081,340,-3.18,236,103.4,253,106.6,220,3.42,81
250,Maryland Eastern Shore,MEAC,18-13,-6.71,94.3,345,101.1,92,69.7,51,0.084,29,-5.11,293,101.8,312,106.9,242,4.57,54
251,North Alabama,ASun,18-14,-6.77,105.3,171,112.1,316,68.6,116,0.123,7,-2.48,218,104.3,202,106.8,233,0.19,164
252,Army,Pat,17-16,-6.91,103,226,109.9,274,68.6,117,-0.043,282,-8.51,349,100,348,108.5,318,-9,355
253,UMBC,AE,18-14,-7.04,105.4,168,112.4,321,67.7,163,0.028,109,-8.41,347,100.7,337,109.1,337,-8.56,351
254,Loyola Chicago,A10,10-21,-7.04,102,247,109.1,262,66.2,236,-0.036,270,-0.21,151,104.8,173,105,153,-4.2,290
255,Southeastern Louisiana,Slnd,18-14,-7.04,104.1,196,111.2,301,68.8,111,0.05,69,-6.83,324,102.8,279,109.6,345,5.83,34
256,Rhode Island,A10,9-22,-7.13,97.7,317,104.8,165,67.3,175,-0.016,235,-0.78,165,104.1,211,104.9,146,-2.66,255
257,Southeast Missouri St. 16,OVC,19-16,-7.21,100.9,263,108.1,243,72.5,7,0.026,116,-7.61,332,101.4,321,109,335,1.04,139
258,USC Upstate,BSth,16-15,-7.4,99.1,293,106.5,203,68,146,0.094,18,-3.49,248,103.8,239,107.3,262,2.38,93
259,Niagara,MAAC,16-15,-7.43,100.9,262,108.4,249,63.2,346,0.092,20,-4.8,288,102.2,300,107,249,-5.04,308
260,Nicholls St.,Slnd,16-15,-7.81,99.4,287,107.2,218,70.5,37,0.023,126,-5.79,308,103.9,231,109.7,347,14.13,2
261,Bellarmine,ASun,15-18,-7.97,102.4,237,110.4,284,62.2,356,0.084,27,0.41,137,106.4,109,106,193,5.96,31
262,North Dakota,Sum,13-20,-8.05,103.4,212,111.5,311,67.2,180,-0.027,252,-3.17,235,104.5,196,107.6,279,0.09,170
263,Western Illinois,Sum,16-14,-8.08,103.1,224,111.2,298,66.7,206,0.068,44,-4.74,284,104.3,206,109,333,-3.36,270
264,Fairfield,MAAC,13-18,-8.08,98.9,298,107,213,65.1,297,0,194,-4.68,282,101.7,314,106.4,213,-1.34,204
265,California,P12,3-29,-8.19,97.8,316,106,191,63.5,341,-0.103,353,8.6,42,108.7,62,100.1,28,1.25,132
266,Miami OH,MAC,12-20,-8.29,103.7,205,112,313,66.8,201,-0.045,289,-2.67,226,105.5,139,108.2,306,-1.7,221
267,Dartmouth,Ivy,10-18,-8.35,99.4,286,107.7,234,68.8,106,0.002,191,-1.35,184,104,227,105.3,165,-3.51,275
268,Prairie View A&M,SWAC,13-19,-8.35,94.3,346,102.7,117,67.8,158,-0.061,314,-6.01,310,100.6,341,106.6,224,5.55,39
269,UC San Diego,BW,10-20,-8.53,102,248,110.6,289,66.1,243,0.03,104,-0.01,145,104.5,194,104.5,127,1.26,131
270,Southern Indiana,OVC,16-16,-8.68,103.3,216,112,314,69.3,74,-0.019,239,-7.71,337,101.6,316,109.3,343,-1.23,200
271,Oakland,Horz,13-19,-8.69,103.7,202,112.4,320,68.4,125,0.046,76,-2.33,214,104.7,179,107.1,254,5.63,38
272,Lafayette,Pat,11-23,-8.72,95.5,338,104.3,151,63,349,-0.061,315,-3.83,256,103.8,238,107.6,277,3.24,84
273,Boston University,Pat,15-17,-8.74,98.1,309,106.8,211,65.5,279,-0.001,198,-6.79,323,101.1,333,107.9,293,-4.22,292
274,Southern,SWAC,15-17,-8.85,96.2,333,105.1,173,71,26,-0.008,214,-6.75,322,100.2,346,106.9,240,7.9,15
275,Tennessee Martin,OVC,19-14,-8.9,101.9,249,110.8,292,71.2,25,0.046,74,-8.47,348,101.3,326,109.7,348,-2.25,239
276,Louisiana Monroe,SB,11-21,-9.22,97.9,312,107.1,216,66,250,-0.024,246,0.97,128,105.2,153,104.3,117,0.69,150
277,Georgia St.,SB,10-21,-9.24,98.1,308,107.4,223,67,190,-0.077,335,-1.39,185,103.7,240,105.1,156,-5.15,310
278,Mount St. Mary's,MAAC,13-20,-9.25,97.1,324,106.3,200,65.8,266,0.028,108,-3.96,261,102.6,285,106.5,217,-1.58,216
279,Marist,MAAC,13-20,-9.27,97.8,315,107.1,215,65.6,275,-0.023,245,-6.57,318,100.7,338,107.2,260,-10.21,358
280,American,Pat,17-15,-9.33,100.8,267,110.2,280,62.6,352,0.049,70,-8.34,345,100.5,342,108.8,330,-8.77,352
,,,,,,,,,,,,,Strength of Schedule,,,,,,NCSOS,
Rk,Team,Conf,W-L,AdjEM,AdjO,,AdjD,,AdjT,,Luck,,AdjEM,,OppO,,OppD,,AdjEM,
281,Bowling Green,MAC,11-20,-9.34,103.7,207,113,332,69.7,55,-0.066,320,-3.81,255,104.8,172,108.7,327,-5.73,319
282,Illinois St.,MVC,11-21,-9.38,100.6,271,110,276,65,300,-0.02,242,-4.24,268,102.7,282,107,246,-7.87,344
283,Maine,AE,13-17,-9.44,99.1,291,108.6,254,65.9,262,-0.001,199,-3.99,262,102.8,278,106.8,234,0.18,165
284,Arkansas St.,SB,13-20,-9.47,100.3,276,109.8,271,63.4,342,-0.012,226,-2.98,233,103.1,269,106.1,198,-10.39,361
285,Texas Southern 16,SWAC,14-20,-9.71,96.5,330,106.2,196,69.4,72,0.025,119,-4.75,285,100.8,335,105.5,173,10.98,4
286,New Hampshire,AE,15-15,-9.72,97.4,320,107.2,219,64.2,329,0.05,68,-6.09,313,102.2,301,108.3,312,-5.18,311
287,Lehigh,Pat,16-14,-9.73,97.9,313,107.6,230,69.5,65,0.084,30,-6.93,325,101.2,327,108.2,304,-2.21,238
288,Tennessee Tech,OVC,16-17,-9.73,101.6,252,111.3,307,66.7,208,0.019,132,-7.15,328,101.4,322,108.5,320,1.93,108
289,UTSA,CUSA,10-22,-9.97,102.1,242,112.1,317,69.2,86,0.022,127,1.04,124,105.3,149,104.3,116,-5.69,318
290,Cal Poly,BW,8-25,-9.98,94.3,347,104.3,152,64.2,330,-0.108,357,-0.12,149,104.5,195,104.6,129,0.06,172
291,Valparaiso,MVC,11-21,-9.99,98.4,305,108.4,248,67.9,152,-0.008,213,-2.53,221,104.1,215,106.6,226,-4.81,305
292,Tennessee St.,OVC,18-14,-10.03,101.1,261,111.2,299,71,27,0.01,162,-10.15,354,100.1,347,110.2,357,-8.94,353
293,Cal St. Bakersfield,BW,11-22,-10.06,95.2,339,105.3,177,63.2,345,0.004,181,-0.59,159,103.8,237,104.4,121,0.35,159
294,South Dakota,Sum,12-19,-10.13,103.3,215,113.5,335,66,249,-0.014,231,-2.94,232,104,219,107,248,2.18,100
295,Louisville,ACC,4-28,-10.27,101.4,255,111.6,312,66.5,218,-0.035,268,6.02,75,108.7,59,102.7,78,1.83,112
296,Chicago St.,ind,11-20,-10.28,103.2,220,113.5,334,64.4,323,-0.056,305,-0.01,146,105.7,130,105.8,186,1.97,106
297,Denver,Sum,15-17,-10.43,100.8,268,111.2,303,68.6,115,0.029,107,-6.46,316,103.2,264,109.7,346,-8.41,349
298,Coastal Carolina,SB,11-20,-10.47,104.3,191,114.7,345,68.4,128,0.019,135,-1.08,174,104.6,187,105.7,181,-2.55,249
299,Illinois Chicago,MVC,12-20,-10.68,98,311,108.7,257,69,95,0.019,133,-3.61,249,102.1,303,105.7,185,-10.29,360
300,Idaho,BSky,10-22,-10.71,102.8,229,113.5,337,65.9,259,-0.057,307,-3.41,245,104.3,204,107.7,283,-6.02,322
301,Jackson St.,SWAC,14-19,-10.77,99.3,288,110.1,277,68.1,143,0.084,28,-4.58,277,100.7,339,105.2,162,9.35,6
302,High Point,BSth,14-17,-11.07,100.2,279,111.3,305,71.5,21,0.054,58,-5.53,298,103.1,268,108.7,328,-4.31,294
303,Texas A&M Commerce,Slnd,13-20,-11.1,101.5,253,112.6,326,65.4,281,0.026,118,-6.53,317,102.6,284,109.1,340,1.66,118
304,Charleston Southern,BSth,10-21,-11.25,105.4,167,116.7,356,65.9,263,-0.08,338,-4.06,265,103.1,267,107.2,258,0.51,155
305,Alabama A&M,SWAC,15-18,-11.28,96.7,328,108,239,68.3,137,-0.011,223,-8.3,343,99.4,353,107.7,281,1.99,104
306,Bucknell,Pat,12-20,-11.42,99,294,110.4,286,66.8,202,-0.061,313,-7.96,340,99.9,350,107.9,292,-7.75,341
307,Manhattan,MAAC,12-18,-11.51,97.5,318,109.1,261,67.1,188,0.047,72,-5.73,306,101.6,317,107.4,267,-6.63,331
308,Saint Peter's,MAAC,14-18,-11.66,96.9,326,108.6,256,63,350,0.055,56,-6.07,311,101.3,325,107.3,265,-8.39,348
309,UMKC,Sum,11-21,-11.7,96.4,332,108.1,241,63.8,335,-0.013,229,-3.2,237,105,167,108.2,303,1.95,107
310,Northeastern,CAA,10-20,-11.83,97.9,314,109.7,268,66.8,200,-0.006,211,-4.13,266,102.6,286,106.7,230,-1.75,224
311,Binghamton,AE,13-18,-11.93,98.7,301,110.6,290,66.1,246,0.028,110,-5.6,302,102.9,275,108.5,321,-5.14,309
312,Fairleigh Dickinson 16,NEC,19-15,-12.25,106.2,155,118.4,361,68.8,110,0.017,143,-14,362,96.3,363,110.3,360,-7.11,338
313,Morgan St.,MEAC,15-16,-12.33,94.5,343,106.8,209,70.8,30,0.073,38,-5.55,299,101.9,306,107.5,272,2.21,98
314,Tulsa,Amer,5-25,-12.37,99,296,111.4,310,68,151,-0.046,291,3.84,98,106.7,106,102.9,80,-3.28,267
315,Merrimack,NEC,18-16,-12.43,89.5,361,101.9,106,66.4,223,0.055,57,-11.64,358,99.2,354,110.8,361,1.47,122
316,Nebraska Omaha,Sum,9-23,-12.53,100.4,273,113,329,67.9,157,0.002,189,-1.08,175,105,163,106.1,197,8.29,12
317,Eastern Michigan,MAC,8-23,-12.6,101.8,251,114.4,342,69.2,85,-0.011,222,-1.25,181,106.3,117,107.5,275,-0.51,180
318,Wagner,NEC,15-13,-12.9,93.7,351,106.6,205,62.1,357,0.019,138,-12.95,360,97.3,361,110.2,356,-3.08,262
319,North Carolina A&T,CAA,13-19,-13.09,98.3,306,111.4,309,70,46,0.054,59,-4.06,264,102.4,292,106.4,214,5.15,45
320,William & Mary,CAA,13-20,-13.25,99.8,283,113,331,65.2,290,0.031,100,-4.58,278,102.9,277,107.5,271,0.56,154
,,,,,,,,,,,,,Strength of Schedule,,,,,,NCSOS,
Rk,Team,Conf,W-L,AdjEM,AdjO,,AdjD,,AdjT,,Luck,,AdjEM,,OppO,,OppD,,AdjEM,
321,Arkansas Pine Bluff,SWAC,10-21,-13.28,94.7,342,107.9,238,69.6,56,-0.07,323,-4.68,283,100.3,345,104.9,147,14.23,1
322,Little Rock,OVC,10-21,-13.37,102.2,241,115.6,350,71,28,-0.025,249,-7.18,329,101.5,320,108.6,326,-0.19,177
323,Western Michigan,MAC,8-23,-13.59,102.8,230,116.4,354,65.7,272,-0.055,301,-1.9,204,104.7,184,106.6,221,0.58,153
324,Austin Peay,ASun,9-22,-13.89,97.1,322,111,295,64.8,308,-0.058,309,-2.1,209,105.4,146,107.5,273,0.81,144
325,The Citadel,SC,10-22,-13.96,98.2,307,112.1,318,67.2,181,0,193,-3.29,240,104.2,207,107.5,274,-3.48,272
326,Cal St. Northridge,BW,7-25,-13.98,95.8,336,109.7,270,65.3,284,-0.002,202,-1.4,186,103.5,251,104.9,144,-2.75,257
327,Loyola MD,Pat,13-20,-14.12,98.8,299,113,330,66.1,240,0.032,98,-6.74,321,101.3,324,108.1,301,-4.58,300
328,Stony Brook,CAA,11-22,-14.47,96.1,334,110.6,288,64.2,331,0.022,128,-3.93,259,102.5,290,106.4,212,1.34,127
329,New Orleans,Slnd,12-20,-14.84,98.1,310,112.9,328,71.4,22,-0.01,219,-8.31,344,102.5,288,110.8,362,1.77,116
330,Sacred Heart,NEC,16-17,-14.9,96.4,331,111.3,306,69.7,50,0.027,115,-13.65,361,96.5,362,110.2,355,-7.82,343
331,NJIT,AE,7-23,-14.92,97.2,321,112.1,315,66.3,227,-0.061,316,-5.56,300,103,270,108.6,324,-5.3,313
332,Central Arkansas,ASun,9-22,-15.22,98.6,302,113.9,339,72.3,10,0.059,53,-2.51,219,104.9,169,107.4,269,-1.38,206
333,Central Michigan,MAC,10-21,-15.3,93,353,108.3,247,67.2,178,0.036,91,-2.75,229,105.5,142,108.2,307,-1.68,218
334,McNeese St.,Slnd,11-23,-15.38,99,297,114.3,341,66.3,232,0.016,145,-6.07,312,103,271,109.1,336,6.57,25
335,Stonehill,NEC,14-17,-15.46,94.7,341,110.1,278,66.3,228,0.072,40,-10.41,356,98.9,356,109.3,342,-0.69,186
336,Incarnate Word,Slnd,12-19,-15.87,96.6,329,112.5,323,67,191,0.012,157,-8.36,346,101.7,315,110,353,-2.28,240
337,Elon,CAA,8-24,-15.98,96.8,327,112.8,327,66,256,-0.024,247,-4.55,275,102.2,298,106.8,231,-1.83,230
338,Coppin St.,MEAC,9-23,-16.04,99.2,289,115.2,349,71.5,20,0.067,45,-2.21,210,103.2,261,105.4,171,3.96,67
339,Lindenwood,OVC,11-21,-16.66,95.7,337,112.4,319,66.9,199,0.004,179,-6.61,319,102.2,299,108.8,329,2.34,94
340,Columbia,Ivy,7-22,-16.85,94.5,344,111.3,308,69.5,67,0.013,151,-2.23,211,103.5,249,105.8,187,-6.91,332
341,Holy Cross,Pat,10-22,-16.88,94.2,348,111,296,69.1,88,0.005,177,-7.29,330,100.6,340,107.9,294,-6.38,326
342,St. Francis PA,NEC,13-18,-16.92,99.7,284,116.6,355,68.4,133,-0.009,216,-11.91,359,98,358,110,351,-0.92,191
343,Central Connecticut,NEC,10-22,-16.93,97.1,323,114.1,340,64.4,321,-0.059,310,-11.45,357,97.7,359,109.1,338,-4.49,298
344,Eastern Illinois,OVC,9-22,-17.07,94.1,349,111.2,300,68,150,0.005,173,-7.97,341,101.9,309,109.9,349,-3.24,265
345,South Carolina St.,MEAC,5-26,-17.07,98.6,303,115.7,351,71.7,18,-0.045,290,-2.33,213,103.9,230,106.3,203,4.11,62
346,Presbyterian,BSth,5-27,-17.21,93.8,350,111,297,64.7,310,-0.104,356,-4.87,290,103.5,248,108.4,317,-4.09,289
347,Albany,AE,8-23,-17.35,98.8,300,116.1,353,67.3,173,-0.027,254,-3.74,253,103.2,263,106.9,243,0.14,167
348,Bethune Cookman,SWAC,12-20,-17.37,97.1,325,114.4,344,69,96,0.038,87,-7.62,333,100.4,343,108,297,-0.81,190
349,Alabama St.,SWAC,8-23,-17.56,93.3,352,110.8,293,66,253,0.005,172,-5.05,292,101.2,331,106.2,202,7.94,14
350,Monmouth,CAA,7-26,-17.73,92.7,354,110.4,285,68.4,129,-0.016,237,-2.03,206,104,221,106.1,195,5.43,42
351,Hampton,CAA,8-24,-18.19,97.5,319,115.7,352,69,97,0.007,168,-4.63,279,102.6,283,107.2,261,-1.52,213
352,Evansville,MVC,5-27,-18.36,91.6,357,109.9,275,69.6,58,-0.004,206,-1.06,173,104.5,191,105.6,178,-1.06,193
353,Houston Christian,Slnd,10-22,-18.82,102.1,245,120.9,363,70.7,31,-0.02,240,-7.92,339,102.3,294,110.2,359,-0.01,173
354,VMI,SC,7-25,-19.71,98.4,304,118.1,360,66.7,204,0.005,175,-2.51,220,104.6,189,107.1,255,-2.51,245
355,Mississippi Valley St.,SWAC,5-27,-19.79,92.7,355,112.5,322,67.2,182,-0.026,250,-3.44,247,102.1,305,105.5,175,9.11,7
356,Lamar,Slnd,9-22,-20.27,95,340,115.2,348,65.8,267,0.004,183,-7.74,338,102.2,297,110,352,-1.5,211
357,Delaware St.,MEAC,6-24,-20.36,92.2,356,112.5,325,67.9,153,0.012,156,-4.77,286,101.9,310,106.6,227,0.87,142
358,Florida A&M,SWAC,7-22,-20.42,89.7,360,110.2,279,65.1,298,0.005,176,-4.14,267,101.8,313,105.9,191,13.06,3
359,St. Francis NY,NEC,14-16,-21.03,90.2,359,111.3,304,66.1,239,0.082,32,-14.2,363,97.6,360,111.7,363,-9.29,356
360,IUPUI,Horz,5-27,-21.84,95.9,335,117.7,359,67.1,186,-0.076,332,-5.31,295,102.9,274,108.2,309,-6.55,327
,,,,,,,,,,,,,Strength of Schedule,,,,,,NCSOS,
Rk,Team,Conf,W-L,AdjEM,AdjO,,AdjD,,AdjT,,Luck,,AdjEM,,OppO,,OppD,,AdjEM,
361,Green Bay,Horz,3-29,-26.3,90.6,358,116.9,357,65.2,292,0.029,106,-2.34,215,104.6,185,107,245,2.07,103
362,Hartford,ind,5-23,-29.75,89.4,362,119.2,362,65.5,276,-0.039,276,-9.55,353,99.9,349,109.5,344,-9.44,357
363,LIU,NEC,3-26,-30.61,86.5,363,117.2,358,72.6,6,-0.024,248,-8.98,351,99.6,352,108.6,323,5.77,36
Â© 1999-2023 The Forecast Factory LLC. All rights reserved. | Terms of Use | Privacy Policy | Stats provided by STATS LLC,,,,,,,,,,,,,,,,,,,,